,AAPL,MSFT,AMZN,META,GOOGL,NVDA,TSLA,BRK-B,JNJ
2019,0.34331158051196836,0.23916755258869457,0.009748181521154035,0.1716580844050749,0.015413037274957271,0.027596181334572933,0.031266307858077214,0.024238092567461962,0.13760098193803885
2020,0.008354728066572786,0.035345058087582794,0.12478331427339874,0.03357582840948055,0.024061965777967053,0.001514296604646582,0.6439471121042639,0.041606783154346155,0.08681091352174142
2021,0.00946762641328716,0.00976976750002782,0.0010342970664455968,0.006596811893386829,0.4494674642793079,0.12604514618507,0.016208152985082557,0.2607493910577417,0.12066134261965065
2022,0.035959316270901556,0.02713149037716776,0.06049063945748471,0.013524721935707522,0.0021916060548856447,0.0572086673508117,0.0166439408905821,0.4327585071910533,0.3540911104714056
2023,0.047590052171265364,0.01039583768907246,0.023891029389161038,0.4202976440426945,0.07723416644615624,0.4111422143114701,0.0031639075613787144,0.0007495274361680975,0.005535620952633562
2024,0.03746470672453914,0.0016131226109398307,0.012523294279623622,0.07111324986227487,0.04393898456805697,0.22320729173333329,0.0896485396436166,0.48153340525077937,0.03895740532683612
